{"kendall":{"0":0.0561490127,"1":-0.0565857941,"2":0.118719986,"3":0.054526499,"4":0.0976432247,"5":0.6288082233,"6":0.277567039,"7":0.1639160214,"8":0.1548066179,"9":0.1187018372,"10":0.2098937807,"11":0.0431206256,"12":0.0728529317,"13":-0.0687940841,"14":0.0624533802,"15":0.4578734402,"16":-0.1093182066,"17":0.1041142174,"18":0.1428544358,"19":0.0067138646,"20":0.0734440332,"21":0.5127572138,"22":0.3056365121,"23":0.267985455,"24":0.0298987586,"25":-0.0180752232,"26":0.0704803936,"27":0.0280232001,"28":0.0505621304,"29":0.5877608895,"30":0.1402328827,"31":0.1956492216,"32":0.1401792774,"33":0.0053185976,"34":0.1998668522,"35":0.4419766167,"36":0.0331293959,"37":0.088494184,"38":-0.0366123913,"39":0.1258466349,"40":-0.1061839604,"41":0.0820379635,"42":0.2344562515,"43":-0.0035023584,"44":0.0461626265,"45":0.5305909972,"46":0.2445050251,"47":0.3234846029,"48":0.1246324127,"49":0.0458244008,"50":0.0484424861,"51":-0.0090548159,"52":0.1960282894,"53":0.468079316,"54":0.3439228359,"55":0.3139163226,"56":0.1387353409,"57":-0.0021748104,"58":0.1143887926,"59":-0.0336137994,"60":0.166429793,"61":0.298395585,"62":0.265476494,"63":0.225650257,"64":-0.0088083567,"65":0.1628304541,"66":0.1347918915,"67":0.0254503006,"68":0.1288890987,"69":0.3870285763,"70":0.1591089719,"71":0.3073255908,"72":0.4206745714,"73":0.2451055704,"74":0.1912167311,"75":-0.0226927858,"76":0.0438290806,"77":0.6004743863,"78":0.1161613048,"79":0.2239447765,"80":-0.0184856589,"81":0.171521565,"82":0.3910596258,"83":0.5309279622,"84":0.0013227349,"85":0.2074274553,"86":0.190026878,"87":0.2995527174,"88":0.0691428114,"89":0.1455633739,"90":0.3728424368,"91":0.1436448583,"92":-0.1674815797,"93":0.3762624151,"94":0.3004922844,"95":0.4472247165},"kendall_tie_corrected":{"0":0.3391583166,"1":0.3311823647,"2":0.3795671343,"3":0.3574188377,"4":0.4055551102,"5":0.6450901804,"6":0.4696112224,"7":0.4112705411,"8":0.3060148903,"9":0.7398315047,"10":0.3306818182,"11":0.3732170846,"12":0.3728252351,"13":0.2505877743,"14":0.3306230408,"15":0.3838362069,"16":0.3145490982,"17":0.3453707415,"18":0.4097795591,"19":0.3225170341,"20":0.3446893788,"21":0.5982925852,"22":0.4902284569,"23":0.4204729459,"24":0.3300503575,"25":0.3411475437,"26":0.3526799109,"27":0.3547428704,"28":0.3807993533,"29":0.6157583726,"30":0.3989590996,"31":0.4326930319,"32":0.2890502834,"33":0.6748045348,"34":0.3257794175,"35":0.349868061,"36":0.3695819488,"37":0.3626197224,"38":0.2563281861,"39":0.3550124609,"40":0.3148877308,"41":0.3415136135,"42":0.4432696447,"43":0.3195523202,"44":0.3441387524,"45":0.6019724327,"46":0.4125305539,"47":0.4908932098,"48":0.5309737828,"49":0.1769584073,"50":0.4268825153,"51":0.0716765228,"52":0.190156712,"53":0.6893307707,"54":0.3479489454,"55":0.5572570471,"56":0.4969929102,"57":0.1538294957,"58":0.4264635803,"59":0.1439137442,"60":0.2551192514,"61":0.5702934389,"62":0.3516691743,"63":0.4884443151,"64":0.4655766432,"65":0.1977620363,"66":0.486027206,"67":0.0888977992,"68":0.3356603998,"69":0.6574237429,"70":0.4613724791,"71":0.4293712317,"72":0.6554752319,"73":0.2031808172,"74":0.5427274952,"75":0.3419756656,"76":0.3746913718,"77":0.7230954023,"78":0.4190849034,"79":0.5627154837,"80":0.4277679085,"81":0.4867490041,"82":0.5368975686,"83":0.6830305585,"84":0.3218393989,"85":0.4128528661,"86":0.4236463361,"87":0.4560322617,"88":0.1173374442,"89":0.1358477679,"90":0.2130698948,"91":0.302419959,"92":0.3579001401,"93":0.5814311712,"94":0.3104425394,"95":0.6405752195},"pearson":{"0":0.0525793128,"1":0.0491414503,"2":0.0387467422,"3":-0.0375122948,"4":0.1758007425,"5":0.742894786,"6":0.4347914928,"7":0.0862574928,"8":0.2389674456,"9":0.1167933088,"10":-0.0460774601,"11":0.0957816852,"12":0.3155262076,"13":-0.1533307203,"14":0.1406624368,"15":0.6460831604,"16":-0.1592382438,"17":0.1070793384,"18":0.0414658587,"19":0.0606964853,"20":0.1474255357,"21":0.6571193203,"22":0.2702696321,"23":0.2479455664,"24":0.0217593851,"25":0.0528561131,"26":-0.0050579518,"27":-0.0132972041,"28":0.0790488842,"29":0.6893549035,"30":0.0902263823,"31":0.2441995027,"32":0.2383172989,"33":0.0110528841,"34":-0.0581875686,"35":0.6448432986,"36":0.0452129475,"37":0.227078438,"38":-0.1438451107,"39":0.1896236521,"40":-0.1504252089,"41":0.1436935253,"42":-0.0117856225,"43":0.0103590949,"44":0.149940327,"45":0.6713326697,"46":0.2367894316,"47":0.2725722985,"48":0.1687225105,"49":0.032449385,"50":-0.0756857638,"51":0.0975865903,"52":0.2501414043,"53":0.6175269075,"54":0.387843325,"55":0.179612267,"56":0.1571229104,"57":-0.0005695585,"58":0.0441759136,"59":0.0563498119,"60":0.2188893708,"61":0.2595153131,"62":0.2689154522,"63":0.1285320153,"64":-0.0094942104,"65":0.2355342748,"66":0.0249794108,"67":0.1092597238,"68":0.1816417879,"69":0.5034607717,"70":0.2024235057,"71":0.3526001026,"72":0.562984063,"73":0.076779186,"74":-0.0750749701,"75":-0.0783323061,"76":0.1706414801,"77":0.7673018007,"78":0.1964092935,"79":0.3261880037,"80":-0.0389513944,"81":0.1697281271,"82":0.3888712048,"83":0.6467032038,"84":-0.0234829743,"85":0.2389374586,"86":0.2100225514,"87":0.3579560322,"88":0.1223956851,"89":0.117004303,"90":0.4897274831,"91":0.1894966658,"92":-0.1986983399,"93":0.2890948218,"94":0.3376610893,"95":0.6162926413},"spearman":{"0":0.0732930167,"1":-0.0643728977,"2":0.1457801967,"3":0.0608451165,"4":0.107364326,"5":0.7444551901,"6":0.3092451804,"7":0.2009448927,"8":0.2281750674,"9":0.1433828365,"10":0.2898867667,"11":0.0543109974,"12":0.1049015704,"13":-0.1052723999,"14":0.0850304676,"15":0.6085505248,"16":-0.1529319626,"17":0.1195553969,"18":0.1857774461,"19":0.0069232627,"20":0.0847328264,"21":0.6369283765,"22":0.3981087065,"23":0.3058517395,"24":0.0401769162,"25":-0.0202532165,"26":0.08638101,"27":0.0310772412,"28":0.0556357347,"29":0.7002344976,"30":0.1732888854,"31":0.2179022228,"32":0.2055869529,"33":0.0064858638,"34":0.2793043427,"35":0.5997034314,"36":0.0422783878,"37":0.1188300469,"38":-0.0604298139,"39":0.1745802655,"40":-0.145170746,"41":0.0943048444,"42":0.3005055828,"43":-0.0040797775,"44":0.0532727855,"45":0.6631846604,"46":0.2800468308,"47":0.419279866,"48":0.1822078482,"49":0.0559440806,"50":0.0659760495,"51":-0.0107021467,"52":0.2362322478,"53":0.6349995477,"54":0.4242349606,"55":0.4216458105,"56":0.1968778348,"57":-0.0026684728,"58":0.1509435177,"59":-0.0388008239,"60":0.1947124527,"61":0.4085313291,"62":0.3159527333,"63":0.2981090599,"64":-0.0125690897,"65":0.19814158,"66":0.1870911828,"67":0.0304975721,"68":0.160315118,"69":0.5369915832,"70":0.2116948363,"71":0.3810519753,"72":0.5859435593,"73":0.2939397602,"74":0.2581340754,"75":-0.0308362784,"76":0.0618494398,"77":0.7794414281,"78":0.1547600152,"79":0.3189404839,"80":-0.0267736172,"81":0.2285786811,"82":0.4936562494,"83":0.7009968379,"84":0.0019294566,"85":0.2676032634,"86":0.2140972437,"87":0.3961006557,"88":0.092912189,"89":0.1937343357,"90":0.4777446926,"91":0.1741972995,"92":-0.2378233563,"93":0.502211564,"94":0.3578683375,"95":0.5974987702},"dataset":{"0":"train","1":"train","2":"train","3":"train","4":"train","5":"train","6":"train","7":"train","8":"train","9":"train","10":"train","11":"train","12":"train","13":"train","14":"train","15":"train","16":"train","17":"train","18":"train","19":"train","20":"train","21":"train","22":"train","23":"train","24":"dev","25":"dev","26":"dev","27":"dev","28":"dev","29":"dev","30":"dev","31":"dev","32":"dev","33":"dev","34":"dev","35":"dev","36":"dev","37":"dev","38":"dev","39":"dev","40":"dev","41":"dev","42":"dev","43":"dev","44":"dev","45":"dev","46":"dev","47":"dev","48":"test","49":"test","50":"test","51":"test","52":"test","53":"test","54":"test","55":"test","56":"test","57":"test","58":"test","59":"test","60":"test","61":"test","62":"test","63":"test","64":"test","65":"test","66":"test","67":"test","68":"test","69":"test","70":"test","71":"test","72":"test","73":"test","74":"test","75":"test","76":"test","77":"test","78":"test","79":"test","80":"test2","81":"test2","82":"test2","83":"test2","84":"test2","85":"test2","86":"test2",